location	Choshuenco	-39.833274	-72.082202
location	Osorno Volcano	-41.087108	-72.488971
location	Puyehue	-39.662728	-72.388317
location	Villarrica	-39.281202	-72.232914
location	Nahuelbuta	-37.792657	-72.998177
location	Altos de Lircay	-35.605572	-70.966332
location	Magallanes	-53.1586	-71.173362
location	Karukinka	-54.10117	-69.356707
location	Coyhaique	-45.554026	-72.070972
location	Paine Towers	-50.942197	-73.406869
