{
  "alignment": null,
  "generated_by": {
    "program": "augur",
    "version": "9.0.0"
  },
  "input_tree": "data/final_tree_incompletenames.nwk",
  "nodes": {
    "CDFM21L": {
      "branch_length": 0.0058416739
    },
    "CL1001.1": {
      "branch_length": 0.0003537298
    },
    "CL1002.1": {
      "branch_length": 0.0035868475
    },
    "CL1003.1": {
      "branch_length": 0.0011763101
    },
    "CL1004.1": {
      "branch_length": 2.3096e-06
    },
    "CL1005.1": {
      "branch_length": 0.0036149676
    },
    "CL1006.1": {
      "branch_length": 1.0705e-06
    },
    "CL1007.1": {
      "branch_length": 0.0049933122
    },
    "CL1008.1": {
      "branch_length": 0.0033280392
    },
    "CL1009.1": {
      "branch_length": 0.0021136943
    },
    "CL1010.1": {
      "branch_length": 0.0045223546
    },
    "CL1101.1": {
      "branch_length": 2.3381e-06
    },
    "CL1104.1": {
      "branch_length": 4.4634e-06
    },
    "CL1105.1": {
      "branch_length": 0.9144727995
    },
    "CL1106.1": {
      "branch_length": 0.004235349
    },
    "CL1108.1": {
      "branch_length": 1.0822e-06
    },
    "CL1109.1": {
      "branch_length": 3.503e-07
    },
    "CL1110.1": {
      "branch_length": 3.503e-07
    },
    "CL1111.1": {
      "branch_length": 0.0029508293
    },
    "CL1112.1": {
      "branch_length": 0.0072452575
    },
    "CL204.3": {
      "branch_length": 0.0013527402
    },
    "CL210.1": {
      "branch_length": 0.0031921608
    },
    "CL211.3": {
      "branch_length": 3.51243e-05
    },
    "CL212.2": {
      "branch_length": 3.503e-07
    },
    "CL215.1": {
      "branch_length": 1.0186e-06
    },
    "CL216.1": {
      "branch_length": 1.0201e-06
    },
    "CL218.1": {
      "branch_length": 1.0189e-06
    },
    "CL220.3": {
      "branch_length": 2.09648e-05
    },
    "CL221.1": {
      "branch_length": 3.503e-07
    },
    "CL248.1": {
      "branch_length": 0.0030192926
    },
    "CL444.2": {
      "branch_length": 0.0025922525
    },
    "CL446.2": {
      "branch_length": 0.0044943919
    },
    "CL447.3": {
      "branch_length": 0.0035392041
    },
    "CL448.1": {
      "branch_length": 0.0050197303
    },
    "CL449.1": {
      "branch_length": 4.298e-07
    },
    "CL450.1": {
      "branch_length": 0.0041176363
    },
    "CL451.4": {
      "branch_length": 0.0044562732
    },
    "CL467.2": {
      "branch_length": 0.0046584349
    },
    "CL471.2": {
      "branch_length": 0.0031525439
    },
    "CL601.1": {
      "branch_length": 1.07544e-05
    },
    "CL604.1": {
      "branch_length": 0.0025113367
    },
    "CL605.1": {
      "branch_length": 2.1911e-06
    },
    "CL606.1": {
      "branch_length": 7.8121e-06
    },
    "CL607.1": {
      "branch_length": 0.0016479373
    },
    "CL608.1": {
      "branch_length": 0.0007950044
    },
    "CL609.1": {
      "branch_length": 0.0126537903
    },
    "CL610.1": {
      "branch_length": 0.0012097932
    },
    "CL611.1": {
      "branch_length": 1.13646e-05
    },
    "CL619.1": {
      "branch_length": 0.0033337843
    },
    "CL620.1": {
      "branch_length": 0.0018340938
    },
    "CL621.1": {
      "branch_length": 1.0397e-06
    },
    "CL701.1": {
      "branch_length": 0.0008197516
    },
    "CL702.1": {
      "branch_length": 0.0019133818
    },
    "CL703.2": {
      "branch_length": 1.1698e-06
    },
    "CL704.2": {
      "branch_length": 4.4013e-06
    },
    "CL705.1": {
      "branch_length": 0.0014811362
    },
    "CL706.2": {
      "branch_length": 0.00160587
    },
    "CL710.1": {
      "branch_length": 0.0031794649
    },
    "CL711.2": {
      "branch_length": 0.0023494811
    },
    "CL715.1": {
      "branch_length": 8.956e-05
    },
    "CL801.1": {
      "branch_length": 0.0016937831
    },
    "CL803.1": {
      "branch_length": 0.0006141775
    },
    "CL804.1": {
      "branch_length": 2.53719e-05
    },
    "CL807.1": {
      "branch_length": 0.0014674938
    },
    "CL810.1": {
      "branch_length": 0.0001921475
    },
    "CL812.1": {
      "branch_length": 2.67039e-05
    },
    "CL813.1": {
      "branch_length": 0.0035291504
    },
    "CL814.1": {
      "branch_length": 0.0032918349
    },
    "CL815.1": {
      "branch_length": 0.0038424971
    },
    "CL816.1": {
      "branch_length": 0.0042205566
    },
    "CL817.1": {
      "branch_length": 0.0029154804
    },
    "CL821.1": {
      "branch_length": 0.0003543116
    },
    "CL824.1": {
      "branch_length": 0.0038837155
    },
    "CL835.1": {
      "branch_length": 0.0031148398
    },
    "CL902.1": {
      "branch_length": 0.0014361925
    },
    "CL903.1": {
      "branch_length": 0.0014446604
    },
    "CL904.1": {
      "branch_length": 6.7075e-06
    },
    "CL905.1": {
      "branch_length": 1.72388e-05
    },
    "CL906.1": {
      "branch_length": 1.00341e-05
    },
    "CL907.1": {
      "branch_length": 1.469e-05
    },
    "CL909.1": {
      "branch_length": 1.16741e-05
    },
    "CL910.1": {
      "branch_length": 0.0031430972
    },
    "CL915.1": {
      "branch_length": 0.0030595177
    },
    "CL916.1": {
      "branch_length": 0.0011190243
    },
    "CRUB1568": {
      "branch_length": 0.0050660633
    },
    "NODE_0000000": {
      "branch_length": 0.001
    },
    "NODE_0000001": {
      "branch_length": 0.0096972958
    },
    "NODE_0000002": {
      "branch_length": 0.0193126018
    },
    "NODE_0000003": {
      "branch_length": 0.0112219876
    },
    "NODE_0000004": {
      "branch_length": 0.0195257472
    },
    "NODE_0000005": {
      "branch_length": 0.0044133767
    },
    "NODE_0000006": {
      "branch_length": 0.0013925718
    },
    "NODE_0000007": {
      "branch_length": 0.0112215367
    },
    "NODE_0000008": {
      "branch_length": 1.41413e-05
    },
    "NODE_0000009": {
      "branch_length": 3.5708e-06
    },
    "NODE_0000010": {
      "branch_length": 1.57849e-05
    },
    "NODE_0000011": {
      "branch_length": 1.54748e-05
    },
    "NODE_0000012": {
      "branch_length": 0.0056494734
    },
    "NODE_0000013": {
      "branch_length": 0.0007560332
    },
    "NODE_0000014": {
      "branch_length": 0.013583386
    },
    "NODE_0000015": {
      "branch_length": 0.010342335
    },
    "NODE_0000016": {
      "branch_length": 0.0030117354
    },
    "NODE_0000017": {
      "branch_length": 0.0035297592
    },
    "NODE_0000018": {
      "branch_length": 0.0030997482
    },
    "NODE_0000019": {
      "branch_length": 0.0068094137
    },
    "NODE_0000020": {
      "branch_length": 0.0025079132
    },
    "NODE_0000021": {
      "branch_length": 0.0024794673
    },
    "NODE_0000022": {
      "branch_length": 0.0016103072
    },
    "NODE_0000023": {
      "branch_length": 1.0853e-06
    },
    "NODE_0000024": {
      "branch_length": 0.0017631616
    },
    "NODE_0000025": {
      "branch_length": 0.0005797474
    },
    "NODE_0000026": {
      "branch_length": 0.0006784219
    },
    "NODE_0000027": {
      "branch_length": 0.0015857174
    },
    "NODE_0000028": {
      "branch_length": 0.0007219569
    },
    "NODE_0000029": {
      "branch_length": 0.0007214415
    },
    "NODE_0000030": {
      "branch_length": 0.001139156
    },
    "NODE_0000031": {
      "branch_length": 0.000866548
    },
    "NODE_0000032": {
      "branch_length": 0.0003555386
    },
    "NODE_0000033": {
      "branch_length": 0.0004411301
    },
    "NODE_0000034": {
      "branch_length": 0.0001887986
    },
    "NODE_0000035": {
      "branch_length": 0.0011968576
    },
    "NODE_0000036": {
      "branch_length": 0.0006661671
    },
    "NODE_0000037": {
      "branch_length": 0.0029841704
    },
    "NODE_0000038": {
      "branch_length": 0.0009425274
    },
    "NODE_0000039": {
      "branch_length": 0.0005932041
    },
    "NODE_0000040": {
      "branch_length": 0.0007331515
    },
    "NODE_0000041": {
      "branch_length": 0.0012487603
    },
    "NODE_0000042": {
      "branch_length": 0.0013290076
    },