{
  "alignment": null,
  "generated_by": {
    "program": "augur",
    "version": "9.0.0"
  },
  "input_tree": "data/final_tree_incompletenames.nwk",
  "nodes": {
    "CDFM21L": {
      "branch_length": 0.005841673900000011
    },
    "CL1001.1": {
      "branch_length": 0.0003537297999999245
    },
    "CL1002.1": {
      "branch_length": 0.0035868475000000455
    },
    "CL1003.1": {
      "branch_length": 0.0011763101000000775
    },
    "CL1004.1": {
      "branch_length": 2.3096000000277783e-06
    },
    "CL1005.1": {
      "branch_length": 0.0036149675999999076
    },
    "CL1006.1": {
      "branch_length": 1.0704999999777698e-06
    },
    "CL1007.1": {
      "branch_length": 0.0049933121999999885
    },
    "CL1008.1": {
      "branch_length": 0.0033280391999999104
    },
    "CL1009.1": {
      "branch_length": 0.0021136943000000796
    },
    "CL1010.1": {
      "branch_length": 0.004522354599999945
    },
    "CL1101.1": {
      "branch_length": 2.3381000000544105e-06
    },
    "CL1104.1": {
      "branch_length": 4.463400000043194e-06
    },
    "CL1105.1": {
      "branch_length": 0.45723639975
    },
    "CL1106.1": {
      "branch_length": 0.004235348999999999
    },
    "CL1108.1": {
      "branch_length": 1.0822000000576537e-06
    },
    "CL1109.1": {
      "branch_length": 3.50300000007131e-07
    },
    "CL1110.1": {
      "branch_length": 3.50300000007131e-07
    },
    "CL1111.1": {
      "branch_length": 0.002950829300000013
    },
    "CL1112.1": {
      "branch_length": 0.007245257500000046
    },
    "CL204.3": {
      "branch_length": 0.00135274019999998
    },
    "CL210.1": {
      "branch_length": 0.0031921607999999546
    },
    "CL211.3": {
      "branch_length": 3.51242999999668e-05
    },
    "CL212.2": {
      "branch_length": 3.50300000007131e-07
    },
    "CL215.1": {
      "branch_length": 1.0186000000134143e-06
    },
    "CL216.1": {
      "branch_length": 1.0201000000265026e-06
    },
    "CL218.1": {
      "branch_length": 1.0189000000382364e-06
    },
    "CL220.3": {
      "branch_length": 2.0964800000022876e-05
    },
    "CL221.1": {
      "branch_length": 3.50300000007131e-07
    },
    "CL248.1": {
      "branch_length": 0.003019292600000001
    },
    "CL444.2": {
      "branch_length": 0.0025922525000000585
    },
    "CL446.2": {
      "branch_length": 0.0044943919000000054
    },
    "CL447.3": {
      "branch_length": 0.0035392040999999708
    },
    "CL448.1": {
      "branch_length": 0.005019730299999914
    },
    "CL449.1": {
      "branch_length": 4.2980000003467467e-07
    },
    "CL450.1": {
      "branch_length": 0.00411763630000006
    },
    "CL451.4": {
      "branch_length": 0.004456273199999972
    },
    "CL467.2": {
      "branch_length": 0.0046584349000000635
    },
    "CL471.2": {
      "branch_length": 0.003152543899999971
    },
    "CL601.1": {
      "branch_length": 1.0754399999979292e-05
    },
    "CL604.1": {
      "branch_length": 0.002511336700000033
    },
    "CL605.1": {
      "branch_length": 2.191099999993007e-06
    },
    "CL606.1": {
      "branch_length": 7.812100000004207e-06
    },
    "CL607.1": {
      "branch_length": 0.001647937300000013
    },
    "CL608.1": {
      "branch_length": 0.0007950044000000211
    },
    "CL609.1": {
      "branch_length": 0.012653790299999912
    },
    "CL610.1": {
      "branch_length": 0.001209793200000031
    },
    "CL611.1": {
      "branch_length": 1.1364599999952318e-05
    },
    "CL619.1": {
      "branch_length": 0.0033337842999999756
    },
    "CL620.1": {
      "branch_length": 0.0018340937999999918
    },
    "CL621.1": {
      "branch_length": 1.0396999999828793e-06
    },
    "CL701.1": {
      "branch_length": 0.0008197516000000293
    },
    "CL702.1": {
      "branch_length": 0.0019133818000000025
    },
    "CL703.2": {
      "branch_length": 1.1697999999782382e-06
    },
    "CL704.2": {
      "branch_length": 4.401300000012043e-06
    },
    "CL705.1": {
      "branch_length": 0.0014811362000000106
    },
    "CL706.2": {
      "branch_length": 0.0016058700000000092
    },
    "CL710.1": {
      "branch_length": 0.003179464899999984
    },
    "CL711.2": {
      "branch_length": 0.002349481099999995
    },
    "CL715.1": {
      "branch_length": 8.956000000004405e-05
    },
    "CL801.1": {
      "branch_length": 0.0016937831000000125
    },
    "CL803.1": {
      "branch_length": 0.0006141775000000349
    },
    "CL804.1": {
      "branch_length": 2.53718999999597e-05
    },
    "CL807.1": {
      "branch_length": 0.001467493799999997
    },
    "CL810.1": {
      "branch_length": 0.00019214749999996172
    },
    "CL812.1": {
      "branch_length": 2.6703900000035752e-05
    },
    "CL813.1": {
      "branch_length": 0.003529150400000014
    },
    "CL814.1": {
      "branch_length": 0.003291834900000068
    },
    "CL815.1": {
      "branch_length": 0.003842497100000064
    },
    "CL816.1": {
      "branch_length": 0.004220556600000092
    },
    "CL817.1": {
      "branch_length": 0.0029154804000000034
    },
    "CL821.1": {
      "branch_length": 0.0003543115999999902
    },
    "CL824.1": {
      "branch_length": 0.0038837154999999957
    },
    "CL835.1": {
      "branch_length": 0.0031148398000000466
    },
    "CL902.1": {
      "branch_length": 0.0014361925000000442
    },
    "CL903.1": {
      "branch_length": 0.0014446604000000196
    },
    "CL904.1": {
      "branch_length": 6.7074999999805485e-06
    },
    "CL905.1": {
      "branch_length": 1.7238799999930166e-05
    },
    "CL906.1": {
      "branch_length": 1.0034100000000379e-05
    },
    "CL907.1": {
      "branch_length": 1.4689999999983883e-05
    },
    "CL909.1": {
      "branch_length": 1.1674100000025334e-05
    },
    "CL910.1": {
      "branch_length": 0.0031430971999999446
    },
    "CL915.1": {
      "branch_length": 0.003059517700000014
    },
    "CL916.1": {
      "branch_length": 0.0011190242999999933
    },
    "CRUB1568": {
      "branch_length": 0.005066063299999923
    },
    "NODE_0000000": {
      "branch_length": 0.001
    },
    "NODE_0000001": {
      "branch_length": 0.45723639975
    },
    "NODE_0000002": {
      "branch_length": 0.009697295800000005
    },
    "NODE_0000003": {
      "branch_length": 0.01931260180000005
    },
    "NODE_0000004": {
      "branch_length": 0.011221987599999927
    },
    "NODE_0000005": {
      "branch_length": 0.0195257472
    },
    "NODE_0000006": {
      "branch_length": 0.004413376699999971
    },
    "NODE_0000007": {
      "branch_length": 0.0013925718000000753
    },
    "NODE_0000008": {
      "branch_length": 0.011221536700000034
    },
    "NODE_0000009": {
      "branch_length": 1.4141299999992363e-05
    },
    "NODE_0000010": {
      "branch_length": 3.57080000001897e-06
    },
    "NODE_0000011": {
      "branch_length": 1.5784899999982116e-05
    },
    "NODE_0000012": {
      "branch_length": 1.547479999997048e-05
    },
    "NODE_0000013": {
      "branch_length": 0.0056494733999999935
    },
    "NODE_0000014": {
      "branch_length": 0.0007560332000000614
    },
    "NODE_0000015": {
      "branch_length": 0.013583385999999975
    },
    "NODE_0000016": {
      "branch_length": 0.010342334999999925
    },
    "NODE_0000017": {
      "branch_length": 0.003011735399999993
    },
    "NODE_0000018": {
      "branch_length": 0.0035297591999999822
    },
    "NODE_0000019": {
      "branch_length": 0.003099748199999919
    },
    "NODE_0000020": {
      "branch_length": 0.006809413699999989
    },
    "NODE_0000021": {
      "branch_length": 0.0025079131999999893
    },
    "NODE_0000022": {
      "branch_length": 0.002479467300000038
    },
    "NODE_0000023": {
      "branch_length": 0.001610307199999994
    },
    "NODE_0000024": {
      "branch_length": 1.085299999981082e-06
    },
    "NODE_0000025": {
      "branch_length": 0.0017631616000000072
    },
    "NODE_0000026": {
      "branch_length": 0.0005797473999999969
    },